Prediction,Email Content
Problem/Fault,Mxxxxx@xxxx.com Отправлено с моего телефона Huawei
Problem/Fault,Beschreibung Update lässt sich nicht installieren Kontaktinformationen Sxxxxx@xxxx.comDescription Update cannot be installed Contact information Sxxxxx@xxxx.com Description Update cannot be installed  ...
Problem/Fault,"Danke Nach Neuinstallation der App funktioniert alles einwandfrei MfG *****(PER) schrieb am Do., 8. Sep. *****(PHONE), 20:42: Sehr geehrter Kunde, vielen Dank, dass Sie mit Aspiegel Kontakt aufgenomme ..."
Problem/Fault,Description . Contact information Axxxxx@xxxx.com
Problem/Fault,Ho pagato ma l'applicazione non ha funzionato posso essere rimborsata. Grazie Ho I paid but the application did not work can I be refunded. Thank you
Problem/Fault,Product: AppGallery & Games Requests: Using AppGallery (i.e. manage service country) Contact Full Name: Inês Lavrador Ramos Phone Number: +*****(PHONE) Contact Email Address: xxxxx@xxxx.com Summary of ...
Problem/Fault,"Hello , good morning! So the campaign name was ""XMAS download and win play PT"" as you will see in the screenshot I will send you, and I won a voucher to use it in a online store called ""*****(PERSON)"" ..."
Problem/Fault,"I have to an account there? also I don't speak german! escreveu no dia quinta, 8/09/*****(PHONE) à(s) 12:08: Sehr geehrter Kunde, wir empfehlen Ihnen, uns über den Discord-Kanal https://discord.gg/tkY ..."
Problem/Fault,"Sure, the country of my app gallery and my country is Portugal! I can't enter on discord sorry, I don't understand it! A qui, 8 de set de *****(PHONE), 13:07, escreveu: Dear Customer, This email is re ..."
